"name","office","state","district","incumbent","representative","reference_name","reference_url"
"Nathan Mathis","house","Alabama","2nd","","Martha Roby","""Sen. Richard Shelby will face Republican challengers""","http://www.montgomeryadvertiser.com/story/news/2015/11/07/sen-richard-shelby-face-republican-challengers/75318814"
"Jesse Smith","house","Alabama","3rd","","Mike Rogers","""Alabama primary 2016: Who qualified for the ballot?""","http://www.al.com/news/index.ssf/2015/11/alabama_primary_2016_who_quali.html"
"Will Boyd","house","Alabama","5th","","Mo Brooks","""Florence pastor announces candidacy for Congress""","http://www.al.com/news/huntsville/index.ssf/2015/07/florence_pastor_announces_cand.html"
"David Putman","house","Alabama","6th","","Gary Palmer","""Democrat David Putman challenging Gary Palmer for Congress""","http://www.al.com/news/index.ssf/2015/11/democrat_david_putman_challeng.html"
"Terri Sewell","house","Alabama","7th","","Terri Sewell","""Alabama primary 2016: Who qualified for the ballot?""","http://www.al.com/news/index.ssf/2015/11/alabama_primary_2016_who_quali.html"
"Steve Lindbeck","house","Alaska","at-large","","Don Young","""Steve Lindbeck announces run for Congress against Don Young""","http://www.adn.com/article/20160407/steve-lindbeck-announces-run-congress-against-don-young"
"Tom O'Halleran","house","Arizona","1st","","Ann Kirkpatrick","""Tom O'Halleran running for Congress as Democrat""","http://www.azcentral.com/story/news/arizona/politics/2015/08/04/tom-ohalleran-running-congress-democrat/31087643"
"Matt Heinz","house","Arizona","2nd","","Martha McSally","""Another Democrat Enters 2nd Congressional District Race""","https://www.azpm.org/p/crawler-stories/2015/7/28/68974-another-democrat-enters-2nd-congressional-district-race"
"Raúl Grijalva","house","Arizona","3rd","","Raúl Grijalva","""Grijalva raised $280K last year for re-election campaign""","http://tucson.com/news/local/govt-and-politics/elections/grijalva-raised-k-last-year-for-re-election-campaign/article_2564f04f-de55-503c-bf06-4f66ece0c9be.html"
"Mikel Weisser","house","Arizona","4th","","Paul Gosar","""Democrat Challenging Rep. Gosar""","http://www.paysonroundup.com/news/2016/jan/27/democrat-challenging-rep-gosar"
"Talia Fuentes","house","Arizona","5th","","Matt Salmon","""Against the odds: Democrat seeks seat in GOP stronghold""","http://www.azcentral.com/story/news/politics/elections/2016/05/11/against-odds-democrat-seeks-seat-gop-stronghold/83942174"
"W. John Williamson","house","Arizona","6th","","David Schweikert","""2016 Election Information""","http://apps.azsos.gov/election/2016/Candidates/PrimaryCandidates.htm"
"Ruben Gallego","house","Arizona","7th","","Ruben Gallego","""Ruben Gallego - Hope to see you there! RSVP here >>... | Facebook""","https://www.facebook.com/GallegoforArizona/photos/a.449057101869535.1073741825.161183970656851/845157528926155/?type=3&theater"
"Kyrsten Sinema","house","Arizona","9th","","Kyrsten Sinema","""Sinema Tells D.C. Democrats 'Not Yet' on Senate Bid""","http://atr.rollcall.com/sinema-tells-d-c-democrats-not-yet-senate-bid"
"Dianne Curry","house","Arkansas","2nd","","French Hill","""Curry Announces Bid For 2nd District Congressional Seat""","http://swtimes.com/news/politics/curry-announces-bid-2nd-district-congressional-seat"
"Jim Reed","house","California","1st","","Doug LaMalfa","""Democrat Jim Reed is back, eyes rematch against LaMalfa""","http://www.redding.com/news/local/democrat-jim-reed-is-back-eyes-rematch-against-lamalfa-2c9c51f5-d6f3-4ac5-e053-0100007f894b-370218971.html"
"Jared Huffman","house","California","2nd","","Jared Huffman","""With Senator Boxer's retirement, the Senate is...""","https://www.facebook.com/jared.huffman.9/posts/624061611032837"
"John Garamendi","house","California","3rd","","John Garamendi","""2016 Consent Calendar""","http://www.cadem.org/vote/body/2016-Consent-Calendar-1.pdf"
"Bob Derlet","house","California","4th","","Tom McClintock","""Bob Derlet, doctor and environmentalist, challenging Rep. Tom McClintock""","http://www.sacbee.com/news/politics-government/capitol-alert/article61789327.html"
"Mike Thompson","house","California","5th","","Mike Thompson","""Thompson files for re-election""","http://napavalleyregister.com/news/local/thompson-files-for-re-election/article_25301606-34c7-5b00-af00-45257734584b.html"
"Doris Matsui","house","California","6th","","Doris Matsui","""California Playbook: HOUSE battles -- WESTLY 'full speed' on 2018 -- EL NINO looms""","http://www.politico.com/tipsheets/california-playbook/2015/11/politico-california-playbook-house-battles-westly-brushes-off-feminist-criticism-el-nino-looms-211267"
"Ami Bera","house","California","7th","","Ami Bera","""2016 Consent Calendar""","http://www.cadem.org/vote/body/2016-Consent-Calendar-1.pdf"
"Rita Ramirez","house","California","8th","","Paul Cook","""PRIMARY ELECTION: Five In Race For 8th Congressional District Seat""","http://rotwnews.com/2016/03/13/primary-election-five-in-race-for-8th-congressional-district-seat"
"Jerry Mcnerney","house","California","9th","","Jerry McNerney","""2016 Consent Calendar""","http://www.cadem.org/vote/body/2016-Consent-Calendar-1.pdf"
"Michael Eggman","house","California","10th","","Jeff Denham","""THE NOONER for June 9, 2015""","http://www.aroundthecapitol.com/nooner/2015-06-09.html"
"Mark Desaulnier","house","California","11th","","Mark DeSaulnier","""2016 Consent Calendar""","http://www.cadem.org/vote/body/2016-Consent-Calendar-1.pdf"
"Nancy Pelosi","house","California","12th","","Nancy Pelosi","""2016 Consent Calendar""","http://www.cadem.org/vote/body/2016-Consent-Calendar-1.pdf"
"Barbara Lee","house","California","13th","","Barbara Lee","""2016 Consent Calendar""","http://www.cadem.org/vote/body/2016-Consent-Calendar-1.pdf"
"Jackie Speier","house","California","14th","","Jackie Speier","""2016 Consent Calendar""","http://www.cadem.org/vote/body/2016-Consent-Calendar-1.pdf"
"Eric Swalwell","house","California","15th","","Eric Swalwell","""Swalwell rejects Senate run, endorses Harris""","http://www.sfgate.com/politics/article/Swalwell-rejects-Senate-run-endorses-Harris-6030445.php"
"Jim Costa","house","California","16th","","Jim Costa","""2016 Consent Calendar""","http://www.cadem.org/vote/body/2016-Consent-Calendar-1.pdf"
"Mike Honda","house","California","17th","","Mike Honda","""Mike Honda declares candidacy for a ninth term""","http://www.mercurynews.com/nation-world/ci_28325325/mike-honda-declares-candidacy-ninth-term"
"Ro Khanna","house","California","17th","","Mike Honda","""Indian-American Ro Khanna to announce his Congressional bid""","http://www.dnaindia.com/world/report-indian-american-ro-khanna-to-announce-his-congressional-bid-2089925"
"Anna Eshoo","house","California","18th","","Anna Eshoo","""2016 Consent Calendar""","http://www.cadem.org/vote/body/2016-Consent-Calendar-1.pdf"
"Zoe Lofgren","house","California","19th","","Zoe Lofgren","""2016 Consent Calendar""","http://www.cadem.org/vote/body/2016-Consent-Calendar-1.pdf"
"Jimmy Panetta","house","California","20th","","Sam Farr","""It's official: Jimmy Panetta running for Congress""","http://www.ksbw.com/news/its-official-jimmy-panetta-running-for-congress/36479476"
"Emilio Huerta","house","California","21st","","David Valadao","""Huerta brings name recognition to 21st District race""","http://www.bakersfield.com/news/2016/01/04/huerta-brings-name-recognition-to-21st-district-race.html"
"Louie Campos","house","California","22nd","","Devin Nunes","""2016 Consent Calendar""","http://www.cadem.org/vote/body/2016-Consent-Calendar-1.pdf"
"Wendy Reed","house","California","23rd","","Kevin McCarthy","""2016 Consent Calendar""","http://www.cadem.org/vote/body/2016-Consent-Calendar-1.pdf"
"Salud Carbajal","house","California","24th","","Lois Capps","""Supervisor Salud Carbajal Announces Run for Congress""","http://www.independent.com/news/2015/apr/09/supervisor-salud-carbajal-announces-run-congress"
"Bryan Caforio","house","California","25th","","Steve Knight","""Democratic lawyer announcing challenge to GOP Rep. Steve Knight""","http://www.latimes.com/politics/la-pol-ca-bryan-caforio-steve-knight-20151210-story.html"
"Julia Brownley","house","California","26th","","Julia Brownley","""2016 Consent Calendar""","http://www.cadem.org/vote/body/2016-Consent-Calendar-1.pdf"
"Judy Chu","house","California","27th","","Judy Chu","""2016 Consent Calendar""","http://www.cadem.org/vote/body/2016-Consent-Calendar-1.pdf"
"Adam Schiff","house","California","28th","","Adam Schiff","""Rep. Adam Schiff will not run for Barbara Boxer's Senate seat""","http://www.latimes.com/local/political/la-me-pc-adam-schiff-barbara-boxer-20150512-story.html"
"Tony Cárdenas","house","California","29th","","Tony Cárdenas","""2016 Consent Calendar""","http://www.cadem.org/vote/body/2016-Consent-Calendar-1.pdf"
"Richard Alarcon","house","California","29th","","Tony Cárdenas","""With his convictions overturned, Richard Alarcon says he'll run against Rep. Tony Cardenas""","http://www.latimes.com/politics/la-me-ln-richard-alarcon-congress-20160311-story.html"
"Brad Sherman","house","California","30th","","Brad Sherman","""2016 Consent Calendar""","http://www.cadem.org/vote/body/2016-Consent-Calendar-1.pdf"
"Pete Aguilar","house","California","31st","","Pete Aguilar","""CONGRESS: Pete Aguilar takes in more than $400K for re-election""","http://www.pe.com/articles/election-764714-aguilar-raised.html"
"Grace Napolitano","house","California","32nd","","Grace Napolitano","""The Year the Woman Retires: California's Aging Congressional Delegation""","http://www.foxandhoundsdaily.com/2015/01/year-woman-retires-californias-aging-congressional-delegation"
"Roger Hernandez","house","California","32nd","","Grace Napolitano","",""
"Ted Lieu","house","California","33rd","","Ted Lieu","""2016 Consent Calendar""","http://www.cadem.org/vote/body/2016-Consent-Calendar-1.pdf"
"Xavier Becerra","house","California","34th","","Xavier Becerra","""Becerra steps aside, aspires for more""","http://www.sacbee.com/opinion/opn-columns-blogs/dan-morain/article29468791.html"
"Adrienne Edwards","house","California","34th","","Xavier Becerra","",""
"Norma Torres","house","California","35th","","Norma Torres","""2016 Consent Calendar""","http://www.cadem.org/vote/body/2016-Consent-Calendar-1.pdf"
"Raul Ruiz","house","California","36th","","Raul Ruiz","""2016 Consent Calendar""","http://www.cadem.org/vote/body/2016-Consent-Calendar-1.pdf"
"Karen Bass","house","California","37th","","Karen Bass","""Rep. Bass a no-go for Boxer seat ""I have no plans to run for the Senate as I remain honored to serve"" 37th district, plan to seek reelection""","https://twitter.com/LATSeema/status/556182229710163968"
"Chris Wiggins","house","California","37th","","Karen Bass","""Clinton, Harris are statewide election winners""","http://wavenewspapers.com/clinton-harris-are-statewide-election-winners"
"Linda Sanchez","house","California","38th","","Linda Sanchez","""2016 Consent Calendar""","http://www.cadem.org/vote/body/2016-Consent-Calendar-1.pdf"
"Brett Murdock","house","California","39th","","Ed Royce","""Brett Murdock to Challenge Ed Royce for Congress: Democrats Get the Guy They Wanted""","http://www.orangejuiceblog.com/2015/10/brett-murdock-to-challenge-ed-royce-for-congress-democrats-get-the-guy-they-wanted"
"Lucille Roybal-Allard","house","California","40th","","Lucille Roybal-Allard","""2016 Consent Calendar""","http://www.cadem.org/vote/body/2016-Consent-Calendar-1.pdf"
"Mark Takano","house","California","41st","","Mark Takano","""Political Notebook: Out candidates seek CA congressional seats""","http://www.ebar.com/news/article.php?sec=news&article=70792"
"Tim Sheridan","house","California","42nd","","Ken Calvert","""Cheryl Brown, Sabrina Cervantes and Tim Sheridan win ""pre-endorsements""""","http://www.pe.com/articles/democrats-793285-primary-competition.html"
"Maxine Waters","house","California","43rd","","Maxine Waters","""2016 Consent Calendar""","http://www.cadem.org/vote/body/2016-Consent-Calendar-1.pdf"
"Nanette Barragán","house","California","44th","","Janice Hahn","""Hermosa Beach official joins 2016 race to succeed Rep. Janice Hahn""","http://www.latimes.com/local/political/la-me-pc-nanette-barragan-congress-20150414-story.html"
"Isadore Hall III","house","California","44th","","Janice Hahn","""Democrats Start Maneuvering to Succeed SoCal Congresswoman (Updated)""","http://atr.rollcall.com/house-races-janice-hahn-los-angeles-isadore-hall"
"Ron Varasteh","house","California","45th","","Mimi Walters","""2016 Consent Calendar""","http://www.cadem.org/vote/body/2016-Consent-Calendar-1.pdf"
"Lou Correa","house","California","46th","","Loretta Sanchez","""And just like that, Lou Correa announces for Congress""","http://www.theliberaloc.com/2015/05/14/and-just-like-that-lou-correa-announces-for-congress/comment-page-1"
"Bao Nguyen","house","California","46th","","Loretta Sanchez","""Democrats Lou Correa, Bao Nguyen will face off for Loretta Sanchez's seat""","http://ocregister.com/articles/peterson-720065-nguyen-correa.html"
"Alan Lowenthal","house","California","47th","","Alan Lowenthal","""2016 Consent Calendar""","http://www.cadem.org/vote/body/2016-Consent-Calendar-1.pdf"
"Suzanne Savary","house","California","48th","","Dana Rohrabacher","""2016 Consent Calendar""","http://www.cadem.org/vote/body/2016-Consent-Calendar-1.pdf"
"Doug Applegate","house","California","49th","","Darrell Issa","""Democrats fundraising off John Boehner resignation""","http://www.washingtonpost.com/news/powerpost/wp/2015/09/28/democrats-fundraising-off-john-boehner-resignation"
"Patrick Malloy","house","California","50th","","Duncan D. Hunter","""2016 Consent Calendar""","http://www.cadem.org/vote/body/2016-Consent-Calendar-1.pdf"
"Juan Vargas","house","California","51st","","Juan Vargas","""2016 Consent Calendar""","http://www.cadem.org/vote/body/2016-Consent-Calendar-1.pdf"
"Scott Peters","house","California","52nd","","Scott Peters","""2016 Consent Calendar""","http://www.cadem.org/vote/body/2016-Consent-Calendar-1.pdf"
"Susan Davis","house","California","53rd","","Susan Davis","""2016 Consent Calendar""","http://www.cadem.org/vote/body/2016-Consent-Calendar-1.pdf"
"Diana Degette","house","Colorado","1st","","Diana DeGette","",""
"Jared Polis","house","Colorado","2nd","","Jared Polis","""Fort Collins Republican to challenge Polis in House""","http://www.coloradoan.com/story/news/2015/11/12/fort-collins-republican-challenge-polis-house/75632166"
"Gail Schwartz","house","Colorado","3rd","","Scott Tipton","""Gail Schwartz looks to unseat Scott Tipton""","http://www.denverpost.com/news/ci_29742677/gail-schwartz-looks-unseat-scott-tipton"
"Bob Seay","house","Colorado","4th","","Ken Buck","""Band teacher to run for Congress""","http://www.lamarledger.com/news/ci_28760354/band-teacher-run-congress"
"Misty Plowright","house","Colorado","5th","","Doug Lamborn","""Congressman Doug Lamborn running for re-election""","http://www.koaa.com/story/31241730/congressman-doug-lamborn-running-for-re-election"
"Morgan Carroll","house","Colorado","6th","","Mike Coffman","""Morgan Carroll formally nominated by Dems for CD6 race against Rep. Mike Coffman""","http://www.aurorasentinel.com/news/carroll-formally-nominated-cd6-race-coffman"
"Ed Perlmutter","house","Colorado","7th","","Ed Perlmutter","",""
"John Larson","house","Connecticut","1st","","John Larson","""Democrats Nominate Incumbents For Congress""","http://www.courant.com/politics/elections/hc-democrats-congressional-candidates-20160509-story.html"
"Joe Courtney","house","Connecticut","2nd","","Joe Courtney","""Democrats Nominate Incumbents For Congress""","http://www.courant.com/politics/elections/hc-democrats-congressional-candidates-20160509-story.html"
"Rosa Delauro","house","Connecticut","3rd","","Rosa DeLauro","""Democrats Nominate Incumbents For Congress""","http://www.courant.com/politics/elections/hc-democrats-congressional-candidates-20160509-story.html"
"Jim Himes","house","Connecticut","4th","","Jim Himes","""Democrats Nominate Incumbents For Congress""","http://www.courant.com/politics/elections/hc-democrats-congressional-candidates-20160509-story.html"
"Elizabeth Esty","house","Connecticut","5th","","Elizabeth Esty","""Democrats Nominate Incumbents For Congress""","http://www.courant.com/politics/elections/hc-democrats-congressional-candidates-20160509-story.html"
"Sean Barney","house","Delaware","at-large","","John Carney","""Sean Barney entering congressional race""","http://www.delawareonline.com/story/news/politics/2015/12/01/wil-sean-barney/76555484"
"Lisa Blunt Rochester","house","Delaware","at-large","","John Carney","""Former state labor secretary enters congressional race""","http://www.delawareonline.com/story/news/2015/10/26/delaware-congressional-race-getting-crowded/74648224/?hootPostID=9fbb6f10bc14e27323d5cfc8a4d7d0a1"
"Mike Miller","house","Delaware","at-large","","John Carney","""Mike Miller of Lewes announces candidacy for Congress""","http://www.delaware1059.com/story.php?id=19809"
"Bryan Townsend","house","Delaware","at-large","","John Carney","""State Sen. Bryan Townsend announces congressional bid""","http://www.delawareonline.com/story/firststatepolitics/2015/09/17/bryan-townsend-announces-congressional-bid/32548779"
"Steven Specht","house","Florida","1st","","Jeff Miller","""Air Force Veteran Specht Running for Congress""","http://pulsegulfcoast.com/2016/04/air-force-veteran-specht-running-congress"
"Steve Crapps","house","Florida","2nd","","Gwen Graham","""Bay County election races solidify""","http://www.newsherald.com/news/20160620/bay-county-election-races-solidify"
"Walter Dartland","house","Florida","2nd","","Gwen Graham","""Florida Filed Candidates""","http://dos.elections.myflorida.com/candidates/canlist.asp"
"Ken Mcgurn","house","Florida","3rd","","Ted Yoho","""Florida Filed Candidates""","http://dos.elections.myflorida.com/candidates/canlist.asp"
"David E. Bruderly","house","Florida","4th","","Ander Crenshaw","""Florida Filed Candidates""","http://dos.elections.myflorida.com/candidates/canlist.asp"
"Al Lawson","house","Florida","5th","","Corrine Brown","""Former Sen. Al Lawson running for Congress""","http://www.tallahassee.com/story/news/2015/12/15/former-sen-al-lawson-running-congress/77365824"
"Bill Mccullough","house","Florida","6th","","Ron DeSantis","""Former Jeb, Rubio Staffer Brandon Patty Runs for Congress""","http://www.sunshinestatenews.com/story/former-jeb-rubio-staffer-brandon-patty-runs-congress"
"Stephanie Murphy","house","Florida","7th","","John Mica","""Stephanie Murphy files to run against John Mica in CD 7""","http://floridapolitics.com/archives/214370-stephanie-murphy-files-run-john-mica-cd-7"
"Corry Westbrook","house","Florida","8th","","Bill Posey","""Posey gets opponents in bid for re-election to Congress""","http://www.floridatoday.com/story/news/politics/elections/2016/06/21/posey-gets-two-opponents-bid-re-election-congress/86168598"
"Darren Soto","house","Florida","9th","","Alan Grayson","""Soto set to file for Grayson's seat; Randolph expected too""","http://www.orlandosentinel.com/os-darren-soto-congress-election-alan-grayson-20150709-post.html"
"Val Demings","house","Florida","10th","","Dan Webster","""Val Demings to run for Congress""","http://www.orlandosentinel.com/news/politics/political-pulse/os-val-demings-to-run-for-congress-20150817-post.html"
"Dave Koller","house","Florida","11th","","Rich Nugent","""Congressional candidate qualifies for ballot by petition""","https://www.villages-news.com/congressional-candidate-qualifies-ballot-petition"
"Robert Tager","house","Florida","12th","","Gus Bilirakis","""Gus Bilirakis Auditions for House Committee Chairmanship""","http://www.sunshinestatenews.com/story/gus-bilirakis-auditions-house-committee-chairmanship"
"Charlie Crist","house","Florida","13th","","David Jolly","""Former Gov. Charlie Crist running for Congress""","http://www.sun-sentinel.com/news/politics/fl-ap-charlie-crist-congress-20151020-story.html"
"Kathy Castor","house","Florida","14th","","Kathy Castor","""Florida's clout in Congress recedes""","http://www.theledger.com/article/20160605/NEWS/160609690"
"Jim Lange","house","Florida","15th","","Dennis Ross","""Democrat Jim Lange to Challenge Dennis Ross in CD 15""","http://floridapolitics.com/archives/203068-democratic-cd-15-candidate-jim-lange-says-he-wants-to-help-repair-the-countrys-fractured-political-system"
"Jan Schneider","house","Florida","16th","","Vern Buchanan","""Perennial Sarasota candidate Jan Schneider files to run for Rep. Vern Buchanan's Congressional seat""","http://www.bradenton.com/news/politics-government/article68607367.html"
"April Freeman","house","Florida","17th","","Tom Rooney","""Freeman won't challenge Clawson, will run in District 17""","http://www.news-press.com/story/news/politics/betty-parker/2015/12/04/freeman-wont-challenge-clawson-run-district-17/76792774"
"Randy Perkins","house","Florida","18th","","Patrick Murphy","""Hurricane-cleanup CEO set to join Dem race for Murphy U.S. House seat""","http://www.mypalmbeachpost.com/news/news/state-regional-govt-politics/hurricane-cleanup-ceo-set-to-join-dem-race-for-mur/npPLS"
"Robert Neeld","house","Florida","19th","","Curt Clawson","""Lee County ballot rounding out""","http://www.news-press.com/story/news/politics/2016/06/22/lee-county-ballot-rounding-out/86258438"
"Alcee Hastings","house","Florida","20th","","Alcee Hastings","""Alcee Hastings running for re-election in 2016 – maybe for the last time""","http://www.sun-sentinel.com/news/politics/fl-alcee-hastings-political-future-20141112-story.html"
"Lois Frankel","house","Florida","21st","","Ted Deutch","""Sun Sentinel exclusive: Ted Deutch to run in Broward-based district, leaving Lois Frankel to run in all-Palm Beach County district""","http://www.sun-sentinel.com/news/politics/fl-ted-deutch-congress-broward-20151202-story.html"
"Ted Deutch","house","Florida","22nd","","Lois Frankel","""Sun Sentinel exclusive: Ted Deutch to run in Broward-based district, leaving Lois Frankel to run in all-Palm Beach County district""","http://www.sun-sentinel.com/news/politics/fl-ted-deutch-congress-broward-20151202-story.html"
"Debbie Wasserman Schultz","house","Florida","23rd","","Debbie Wasserman Schultz","""Debbie Wasserman Schultz won't run for Senate""","http://www.politico.com/story/2015/03/debbie-wasserman-schultz-not-running-senate-116155.html"
"Frederica Wilson","house","Florida","24th","","Frederica Wilson","""Deutch a campaign cash juggernaut; ex-Dolphin Hill lags behind Wilson""","http://www.sun-sentinel.com/news/politics/fl-florida-congress-candidates-money-20151016-story.html"
"Alina Valdes","house","Florida","25th","","Mario Diaz-Balart","""Cuban-Americans need freedom from failed politicians and policies""","http://www.sun-sentinel.com/opinion/letters/fl-letter-announce-0719-20150721-story.html"
"Joe Garcia","house","Florida","26th","","Carlos Curbelo","""Democrat Joe Garcia says he's running for Congress in Miami again""","http://www.miamiherald.com/news/politics-government/article58271983.html"
"Scott Fuhrman","house","Florida","27th","","Ileana Ros-Lehtinen","""Miami GOP Rep. Ileana Ros-Lehtinen draws Democratic challenger""","http://www.miamiherald.com/news/politics-government/election/article81467547.html"
"Sanford Bishop","house","Georgia","2nd","","Sanford Bishop","""Sanford Bishop will run for re-election in 2016""","http://politics.blog.ajc.com/2015/10/07/sanford-bishop-will-run-for-re-election-in-2016"
"Angela Pendley","house","Georgia","3rd","","Lynn Westmoreland","""Pendley wins Democratic nomination in U.S. Congress race""","http://times-herald.com/news/2016/05/cook-pendley-results-expected-friday"
"Hank Johnson","house","Georgia","4th","","Hank Johnson","""POLITICAL NOTEBOOK: Hank Johnson announces congressional re-election bid""","http://www.gwinnettdailypost.com/local/politics/political-notebook-hank-johnson-announces-congressional-re-election-bid/article_c2f2354f-9de4-5ee4-a0c4-6ffd7fb8ae86.html"
"John Lewis","house","Georgia","5th","","John Lewis","""John Lewis is running for re-election in 2016""","http://politics.blog.ajc.com/2015/10/01/john-lewis-is-running-for-re-election-in-2016"
"Rodney Stooksbury","house","Georgia","6th","","Tom Price","""Southwest Georgia's congressional delegation qualifies for re-election""","http://www.albanyherald.com/news/local/government/southwest-georgia-s-congressional-delegation-qualifies-for-re-election/article_f2d69688-e9c3-5ab0-b2e7-f92794ba3f5c.html"
"Rashid Malik","house","Georgia","7th","","Rob Woodall","""Qualifying for May 24 primary off to quick start in Forsyth County""","http://www.forsythnews.com/section/1/article/29576"
"James Harris","house","Georgia","8th","","Austin Scott","""Challengers step up for Scott, Bishop's congressional seats""","http://www.13wmaz.com/news/challengers-step-up-for-scott-bishops-congressional-seats/73927591"
"Don Wilson","house","Georgia","11th","","Barry Loudermilk","""Two more Republicans join 2nd Congressional District race""","http://www.albanyherald.com/news/local/government/two-more-republicans-join-nd-congressional-district-race/article_da653f28-264b-543c-95fc-faa83858d576.html"
"Tricia Mccracken","house","Georgia","12th","","Rick Allen","""Challengers step up for Scott, Bishop's congressional seats""","http://www.13wmaz.com/news/challengers-step-up-for-scott-bishops-congressional-seats/73927591"
"David Scott","house","Georgia","13th","","David Scott","""Incumbents qualify early for Cobb, Georgia offices""","http://mdjonline.com/view/full_story/27115155/article-Incumbents-qualify-early-for-Cobb--Georgia-offices"
"Colleen Hanabusa","house","Hawaii","1st","","Mark Takai","",""
"Tulsi Gabbard","house","Hawaii","2nd","","Tulsi Gabbard","",""
"James Piotrowski","house","Idaho","1st","","Raul Labrador","""Democrat Piotrowski launches challenge to Rep. Labrador""","http://www.spokesman.com/blogs/boise/2016/mar/07/democrat-piotrowski-launches-challenge-rep-labrador"
"Jennifer Martinez","house","Idaho","2nd","","Mike Simpson","""Declaration for 2016""","http://www.sos.idaho.gov/elect/candidat/2016/2016_May_Primary_Candidate_List.pdf"
"Bobby Rush","house","Illinois","1st","","Bobby Rush","""IL Cong Bobby Rush, wants to set record straight, he is running for re-election #Congress""","https://twitter.com/MaryAnnAhernNBC/status/667751169738055680"
"Robin Kelly","house","Illinois","2nd","","Robin Kelly","""Kelly out of Senate race; Duckworth camp demands personal Kirk 'bro/ho' apology""","http://chicago.suntimes.com/news/7/71/685560/rep-robin-kelly-will-run-illinois-senate-seat-exclusive"
"Dan Lipinski","house","Illinois","3rd","","Dan Lipinski","""Candidate List""","http://www.elections.state.il.us/ElectionInformation/CandList.aspx?SearchType=OfficeID&ElectionID=50&OfficeID=7527&OrderBy=ORDER%20BY%20OfficeBallotGroup,%20OfficeSequence,%20PartySequence,%20BracketID,%20vwCandidates.ID"
"Luis Gutiérrez","house","Illinois","4th","","Luis Gutiérrez","""Candidate List""","http://www.elections.state.il.us/ElectionInformation/CandList.aspx?SearchType=OfficeID&ElectionID=50&OfficeID=7555&OrderBy=ORDER%20BY%20OfficeBallotGroup,%20OfficeSequence,%20PartySequence,%20BracketID,%20vwCandidates.ID"
"Mike Quigley","house","Illinois","5th","","Mike Quigley","""Candidate List""","http://www.elections.state.il.us/ElectionInformation/CandList.aspx?SearchType=OfficeID&ElectionID=50&OfficeID=7583&OrderBy=ORDER%20BY%20OfficeBallotGroup,%20OfficeSequence,%20PartySequence,%20BracketID,%20vwCandidates.ID"
"Amanda Howland","house","Illinois","6th","","Peter Roskam","""Candidate List""","http://www.elections.state.il.us/ElectionInformation/CandList.aspx?SearchType=OfficeID&ElectionID=50&OfficeID=7600&OrderBy=ORDER%20BY%20OfficeBallotGroup,%20OfficeSequence,%20PartySequence,%20BracketID,%20vwCandidates.ID"
"Danny Davis","house","Illinois","7th","","Danny Davis","""Rep. Danny Davis running for Congress again""","http://chicago.suntimes.com/politics/7/71/939128/rep-danny-davis-says-hes-running-congress"
"Raja Krishnamoorthi","house","Illinois","8th","","Tammy Duckworth","""Democrat Announces Bid to Succeed Tammy Duckworth""","http://atr.rollcall.com/democrat-announces-bid-to-succeed-tammy-duckworth"
"Jan Schakowsky","house","Illinois","9th","","Jan Schakowsky","""Candidate List""","http://www.elections.state.il.us/ElectionInformation/CandList.aspx?SearchType=OfficeID&ElectionID=50&OfficeID=7653&OrderBy=ORDER%20BY%20OfficeBallotGroup,%20OfficeSequence,%20PartySequence,%20BracketID,%20vwCandidates.ID"
"Brad Schneider","house","Illinois","10th","","Bob Dold","""Former Rep. Brad Schneider kicks off comeback bid Thursday""","http://chicago.suntimes.com/lynn-sweet-politics/7/71/490115/former-rep-brad-schneider-kicks-comeback-bid-Thursday"
"Bill Foster","house","Illinois","11th","","Bill Foster","""Foster gearing up for re-election bid as challenges loom""","http://www.chicagotribune.com/suburbs/naperville-sun/news/ct-nvs-foster-update-st-0906-20150904-story.html"
"C.J. Baricevic","house","Illinois","12th","","Mike Bost","""Belleville attorney C.J. Baricevic confirms run for Congress""","http://www.bnd.com/news/local/article22796916.html"
"Mark Wicklund","house","Illinois","13th","","Rodney Davis","""Dem to announce run against Davis""","http://www.news-gazette.com/news/local/2015-10-14/tom-kacich-dem-announce-run-against-davis.html"
"Jim Walz","house","Illinois","14th","","Randy Hultgren","""Candidate List""","http://www.elections.state.il.us/ElectionInformation/CandList.aspx?SearchType=OfficeID&ElectionID=50&OfficeID=7416&OrderBy=ORDER%20BY%20OfficeBallotGroup,%20OfficeSequence,%20PartySequence,%20BracketID,%20vwCandidates.ID"
"Cheri Bustos","house","Illinois","17th","","Cheri Bustos","""Bustos files for re-election; has at least two GOP opponents""","http://www.saukvalley.com/2015/11/30/bustos-files-for-re-election-has-at-least-two-gop-opponents/abszc6k"
"Junius Rodriguez","house","Illinois","18th","","Darin LaHood","""Eureka College professor Junius Rodriguez to challenge Rep. Darin LaHood for seat in Congress""","http://www.pjstar.com/article/20160505/NEWS/160509707"
"Pete Visclosky","house","Indiana","1st","","Pete Visclosky","""Visclosky seeking 17th term in Congress""","http://www.nwitimes.com/news/local/lake/visclosky-seeking-th-term-in-congress/article_764486f1-ae91-57f0-b1e3-06e2c7603cd2.html"
"Lynn Coleman","house","Indiana","2nd","","Jackie Walorski","""Lynn Coleman to challenge Jackie Walorski for 2nd District seat""","http://www.southbendtribune.com/news/local/lynn-coleman-to-challenge-jackie-walorski-for-nd-district-seat/article_0fc843cc-a35b-11e5-b18a-47dc6ac464bf.html"
"Tommy Schrader","house","Indiana","3rd","","Marlin Stutzman","""Democrats won't support their Congressional candidate""","http://www.journalgazette.net/news/local/local-politics/Democrats-won-t-support-their-Congressional-candidate-12905751"
"John Dale","house","Indiana","4th","","Todd Rokita","""May 3, 2016 Primary Election Candidates""","http://www.in.gov/sos/elections/files/2016_May_3_Primary_Candidate_Abbreviated_List_Feb_22__pdf.pdf"
"Angela Demaree","house","Indiana","5th","","Susan Brooks","""Despite anger against DC, few seats in play""","http://howeypolitics.com/Files/HPI150917.pdf#page=5"
"Barry Welsh","house","Indiana","6th","","Luke Messer","""May 3, 2016 Primary Election Candidates""","http://www.in.gov/sos/elections/files/2016_May_3_Primary_Candidate_Abbreviated_List_Feb_22__pdf.pdf"
"Andre Carson","house","Indiana","7th","","Andre Carson","""May 3, 2016 Primary Election Candidates""","http://www.in.gov/sos/elections/files/2016_May_3_Primary_Candidate_Abbreviated_List_Feb_22__pdf.pdf"
"Ron Drake","house","Indiana","8th","","Larry Bucshon","""May 3, 2016 Primary Election Candidates""","http://www.in.gov/sos/elections/files/2016_May_3_Primary_Candidate_Abbreviated_List_Feb_22__pdf.pdf"
"David Orentlicher","house","Indiana","8th","","Larry Bucshon","""Orentlicher Files For Recount In District 8 Primary""","http://indianapublicmedia.org/news/orentlicher-files-recount-district-8-primary-99035"
"Shelli Yoder","house","Indiana","9th","","Todd Young","""Shelli Yoder Announces She's Running For Congress Again""","http://indianapublicmedia.org/news/shelli-yoder-announces-running-congress-86202"
"Monica Vernon","house","Iowa","1st","","Rod Blum","""Monica Vernon announces run for Congress""","http://www.desmoinesregister.com/story/news/politics/2015/01/15/monica-vernon-congress-announcement/21801775"
"Dave Loebsack","house","Iowa","2nd","","Dave Loebsack","""Loebsack in Des Moines to talk 2016 campaign strategy""","http://www.radioiowa.com/2015/04/21/loebsack-in-des-moines-to-talk-2016-campaign-strategy"
"Jim Mowrer","house","Iowa","3rd","","David Young","""Iraq vet Jim Mowrer running for Congress again""","http://www.desmoinesregister.com/story/news/politics/2015/08/17/jim-mowrer-running-congress/31828103"
"Kim Weaver","house","Iowa","4th","","Steve King","""Weaver announces bid to defeat King in Iowa 4th District""","http://siouxcityjournal.com/news/local/weaver-announces-bid-to-defeat-king-in-iowa-th-district/article_0b062207-4383-5ed9-865a-0ed73a2f5754.html"
"Britani Potter","house","Kansas","2nd","","Lynn Jenkins","""Rep. Lynn Jenkins files for re-election against two Democratic opponents""","http://cjonline.com/news/2016-05-05/rep-lynn-jenkins-files-re-election-against-two-democratic-opponents"
"Jay Sidie","house","Kansas","3rd","","Kevin Yoder","""Mission Woods Democrat announces campaign against U.S. Rep. Kevin Yoder""","http://www.kansascity.com/news/politics-government/article78433157.html"
"Dan Giroux","house","Kansas","4th","","Mike Pompeo","""Wichita attorney Dan Giroux announces challenge to Rep. Mike Pompeo""","http://cjonline.com/news/2015-10-01/wichita-attorney-dan-giroux-announces-challenge-rep-mike-pompeo"
"Sam Gaskins","house","Kentucky","1st","","Ed Whitfield","""Christian County Native to Run for Congress""","http://www.wkdzradio.com/Christian-County-Native-To-Run-For-Whitfield-Seat/22028984"
"John Yarmuth","house","Kentucky","3rd","","John Yarmuth","""Yarmuth announces he will seek re-election to Congress for sixth term""","http://mycn2.com/politics/yarmuth-announces-he-will-seek-re-election-to-congress-for-sixth-term"
"Calvin Sidle","house","Kentucky","4th","","Thomas Massie","""Most US Representatives from Ky. face challenges""","http://www.courier-journal.com/story/news/politics/elections/kentucky/2016/01/26/most-us-representatives-kentucky-face-challenges/79368888"
"Nancy Jo Kemper","house","Kentucky","6th","","Andy Barr","""Democrat Nancy Jo Kemper files to run for U.S. Rep. Andy Barr's seat 73-year-old minister to challenge Republican""","http://www.kentucky.com/news/politics-government/article55826180.html"
"Lee Ann Dugas","house","Louisiana","1st","","Steve Scalise","""Five Lafourche Parish candidates automatically elected""","http://www.dailycomet.com/article/20160722/HURBLOG/160729896/"
"Danil Ezekiel Faust","house","Louisiana","1st","","Steve Scalise","""Five Lafourche Parish candidates automatically elected""","http://www.dailycomet.com/article/20160722/HURBLOG/160729896/"
"Joseph ""Joe"" Swider","house","Louisiana","1st","","Steve Scalise","""Five Lafourche Parish candidates automatically elected""","http://www.dailycomet.com/article/20160722/HURBLOG/160729896/"
"Cedric Richmond","house","Louisiana","2nd","","Cedric Richmond","""Holden targeting 2nd Congressional District for possible run this fall""","https://www.businessreport.com/article/holden-targeting-2nd-congressional-district-possible-run-fall"
"Kip Holden","house","Louisiana","2nd","","Cedric Richmond","""Baton Rouge Mayor Kip Holden to challenge Congressman Cedric Richmond this fall""","http://theadvocate.com/news/15828777-124/baton-rouge-mayor-kip-holden-to-challenge-congressman-cedric-richmond-this-fall"
"Kenneth Cutno","house","Louisiana","2nd","","Cedric Richmond","""Five Lafourche Parish candidates automatically elected""","http://www.dailycomet.com/article/20160722/HURBLOG/160729896/"
"Jacob ""Dorian Hibian"" Hebert","house","Louisiana","3rd","","Charles Boustany","""Five Lafourche Parish candidates automatically elected""","http://www.dailycomet.com/article/20160722/HURBLOG/160729896/"
"Larry Rader","house","Louisiana","3rd","","Charles Boustany","""Five Lafourche Parish candidates automatically elected""","http://www.dailycomet.com/article/20160722/HURBLOG/160729896/"
"Marshall Jones","house","Louisiana","4th","","John Fleming","""Five Lafourche Parish candidates automatically elected""","http://www.dailycomet.com/article/20160722/HURBLOG/160729896/"
"Richard Lieberman","house","Louisiana","6th","","Garret Graves","""Five Lafourche Parish candidates automatically elected""","http://www.dailycomet.com/article/20160722/HURBLOG/160729896/"
"Jermaine Sampson","house","Louisiana","6th","","Garret Graves","""Five Lafourche Parish candidates automatically elected""","http://www.dailycomet.com/article/20160722/HURBLOG/160729896/"
"Chellie Pingree","house","Maine","1st","","Chellie Pingree","""Republican from Brunswick plans to challenge Pingree in 2016""","http://www.pressherald.com/2015/11/19/republican-from-brunswick-plans-to-challenge-pingree-in-2016"
"Emily Cain","house","Maine","2nd","","Bruce Poliquin","""Emily Cain announces 2016 bid for Congress""","http://stateandcapitol.bangordailynews.com/2015/03/03/emily-cain-announces-2016-bid-for-congress"
"Joe Werner","house","Maryland","1st","","Andy Harris","""Werner wraps up Md. Congressional, District 1 democratic nomination""","http://www.wmdt.com/news/more-local-news/Werner-wraps-up-Md-Congressional-District-1-democratic-nomination/39234584"
"Dutch Ruppersberger","house","Maryland","2nd","","Dutch Ruppersberger","""Ruppersberger won't run for Senate""","http://www.baltimoresun.com/news/maryland/politics/blog/bal-ruppersberger-wont-run-for-senate-20150929-story.html"
"John Sarbanes","house","Maryland","3rd","","John Sarbanes","""Rep. John Sarbanes will not run for Senate""","http://www.baltimoresun.com/news/maryland/politics/blog/bal-sarbanes-will-not-for-senate-20150613-story.html"
"Anthony G. Brown","house","Maryland","4th","","Donna Edwards","""Anthony Brown to run for House seat""","http://www.baltimoresun.com/news/maryland/politics/blog/bal-anthony-brown-20150311-story.html"
"Steny Hoyer","house","Maryland","5th","","Steny Hoyer","""2016 Candidate Listing""","http://www.elections.maryland.gov/elections/2016/general_candidates/gen_cand_lists_2016_4_008X.html"
"John Delaney","house","Maryland","6th","","John Delaney","""Delaney to run for re-election to Congress""","http://www.heraldmailmedia.com/news/local/delaney-to-run-for-re-election-to-congress/article_95ed1e7c-5a6e-11e5-992b-33583d873c7a.html"
"Elijah Cummings","house","Maryland","7th","","Elijah Cummings","""Rep. Cummings won't run for open Maryland Senate seat""","http://www.politico.com/story/2016/02/elijah-cummings-maryland-senate-2016-218551"
"Jamie Raskin","house","Maryland","8th","","Chris Van Hollen","""Raskin says he'll run for Congress in 8th District""","http://www.baltimoresun.com/news/maryland/politics/blog/bal-raskin-says-hell-run-for-congress-in-8th-district-20150323-story.html"
"Richard Neal","house","Massachusetts","1st","","Richard Neal","""DEMOCRATIC CANDIDATES FOR NOMINATION""","https://www.sec.state.ma.us/ele/ele16/state_primary-democratic16.htm"
"Jim Mcgovern","house","Massachusetts","2nd","","Jim McGovern","""McGovern nears 20 years in Congress, with no plans to relinquish seat""","http://www.telegram.com/article/20151024/NEWS/151029450"
"Niki Tsongas","house","Massachusetts","3rd","","Niki Tsongas","""DEMOCRATIC CANDIDATES FOR NOMINATION""","https://www.sec.state.ma.us/ele/ele16/state_primary-democratic16.htm"
"Joe Kennedy","house","Massachusetts","4th","","Joe Kennedy","""Kennedy to seek 3rd term in Congress""","http://www.thesunchronicle.com/news/local_news/kennedy-to-seek-rd-term-in-congress/article_062d7ee9-a02b-583f-baa9-0fda60f2d512.html"
"Katherine Clark","house","Massachusetts","5th","","Katherine Clark","""Katherine Clark's rise in D.C. has Democrats looking ahead""","https://www.bostonglobe.com/metro/2015/11/08/katherine-clark-star-rising-washington-and-back-home-too/ITFdbDKO1uWRhPOSF9XJdI/story.html"
"Seth Moulton","house","Massachusetts","6th","","Seth Moulton","""Moulton confirms he will seek reelection""","http://www.gloucestertimes.com/news/local_news/moulton-confirms-he-will-seek-reelection/article_c346cd71-69ce-5460-ae5f-82f27d38f456.html"
"Mike Capuano","house","Massachusetts","7th","","Mike Capuano","""DEMOCRATIC CANDIDATES FOR NOMINATION""","https://www.sec.state.ma.us/ele/ele16/state_primary-democratic16.htm"
"Stephen Lynch","house","Massachusetts","8th","","Stephen Lynch","""DEMOCRATIC CANDIDATES FOR NOMINATION""","https://www.sec.state.ma.us/ele/ele16/state_primary-democratic16.htm"
"Bill Keating","house","Massachusetts","9th","","Bill Keating","""DEMOCRATIC CANDIDATES FOR NOMINATION""","https://www.sec.state.ma.us/ele/ele16/state_primary-democratic16.htm"
"Lon Johnson","house","Michigan","1st","","Dan Benishek","""Mich. Dem Lon Johnson to run for Congress""","http://www.freep.com/story/news/local/michigan/2015/06/25/johnson-congress-run/29261011"
"Dennis B. Murphy","house","Michigan","2nd","","Bill Huizenga","""2016 Michigan Candidate Listing""","http://miboecfr.nictusa.com/election/candlist/16PRI/16PRI_CL.HTM"
"Douglas Smith","house","Michigan","3rd","","Justin Amash","""2016 Michigan Candidate Listing""","http://miboecfr.nictusa.com/election/candlist/16PRI/16PRI_CL.HTM"
"Dan Kildee","house","Michigan","5th","","Dan Kildee","""Congressman Dan Kildee seeks third term in office""","http://www.mlive.com/news/flint/index.ssf/2016/04/congressman_dan_kildee_files_f_1.html"
"Paul Clements","house","Michigan","6th","","Fred Upton","""Clements again to challenge Upton for 6th District seat""","http://www.heraldpalladium.com/news/local/clements-again-to-challenge-upton-for-th-district-seat/article_5396ff1c-81e9-5ce2-92a9-73af292c723b.html"
"Gretchen Driskell","house","Michigan","7th","","Tim Walberg","""Democratic state Rep. Gretchen Driskell announces bid for 7th Congressional seat in 2016""","http://www.mlive.com/news/jackson/index.ssf/2015/02/democratic_state_rep_gretchen.html"
"Suzanna Shkreli","house","Michigan","8th","","Mike Bishop","""Dems want newcomer to step into Melissa Gilbert's shoes""","http://www.freep.com/story/news/politics/2016/07/06/mike-bishop-suzanna-shkreli/86724786/"
"Sander Levin","house","Michigan","9th","","Sander Levin","""Rep. Sander Levin will run for reelection""","http://www.politico.com/story/2015/07/sander-levin-reelection-bid-2016-119897.html"
"Frank Accavitti Jr","house","Michigan","10th","","Candice Miller","""Macomb County in transition — big races shaping up for Congress, state House""","https://www.politicscentral.org/macomb-county-transition-big-races-shaping-congress-state-house-2"
"Anil Kumar","house","Michigan","11th","","Dave Trott","""Officials: Oakland County drinking water separate from Flint""","http://www.theoaklandpress.com/general-news/20160224/officials-oakland-county-drinking-water-separate-from-flint"
"Debbie Dingell","house","Michigan","12th","","Debbie Dingell","""Community holds fundraising event for Debbie Dingell""","http://www.arabamericannews.com/news/news/id_12020/Community-holds-fundraising-event-for-Debbie-Dingell.html"
"John Conyers","house","Michigan","13th","","John Conyers","""Rep. John Conyers will run for a 27th term""","http://www.usatoday.com/story/news/politics/elections/2015/11/22/rep-john-conyers-run-27th-term/76132184"
"Brenda Lawrence","house","Michigan","14th","","Brenda Lawrence","""2016 Michigan Candidate Listing""","http://miboecfr.nictusa.com/election/candlist/16PRI/16PRI_CL.HTM"
"Tim Walz","house","Minnesota","1st","","Tim Walz","""Walz hires former lawmaker to manage campaign""","http://www.postbulletin.com/news/politics/walz-hires-former-lawmaker-to-manage-campaign/article_ff184a8f-0277-5bb8-97a5-30c0901f5b80.html"
"Angie Craig","house","Minnesota","2nd","","John Kline","""2nd District Democrats hand Angie Craig nomination for Congress""","http://www.twincities.com/2016/04/30/angie-craig-2nd-congressional-district-democratic-nomination"
"Terri Bonoff","house","Minnesota","3rd","","Erik Paulsen","""State Sen. Bonoff challenges Paulsen for Congress""","http://blogs.mprnews.org/capitol-view/2016/04/state-sen-bonoff-challenges-paulsen-for-congress"
"Betty Mccollum","house","Minnesota","4th","","Betty McCollum","""Candidate Filings - Minnesota""","http://candidates.sos.state.mn.us/CandidateFilingResults.aspx?county=0&municipality=0&schooldistrict=0&hospitaldistrict=0&level=1&party=0&federal=True&judicial=True&executive=True&senate=True&representative=True&title=&office=0&candidateid=0"
"Keith Ellison","house","Minnesota","5th","","Keith Ellison","""Candidate Filings - Minnesota""","http://candidates.sos.state.mn.us/CandidateFilingResults.aspx?county=0&municipality=0&schooldistrict=0&hospitaldistrict=0&level=1&party=0&federal=True&judicial=True&executive=True&senate=True&representative=True&title=&office=0&candidateid=0"
"David Snyder","house","Minnesota","6th","","Tom Emmer","""Snyder to run for U.S. House in 6th District""","http://www.sctimes.com/story/news/local/2016/05/18/sndyer-run-us-house-6th-district/84548408"
"Collin Peterson","house","Minnesota","7th","","Collin Peterson","""Peterson to seek re-election in 2016 in Minnesota's 7th District""","http://www.twincities.com/politics/ci_27407596/peterson-seek-re-election-2016-minnesotas-7th-district"
"Rick Nolan","house","Minnesota","8th","","Rick Nolan","""U.S. Rep. Rick Nolan says he will seek another term in 2016""","http://www.startribune.com/u-s-rep-rick-nolan-says-he-will-seek-another-term-in-2016/311652931"
"Jacob Owens","house","Mississippi","1st","","Trent Kelly","""Mississippi Democrats field candidates in #MS01, #MS04; Thompson files for reelection in #MS02""","http://yallpolitics.com/index.php/yp/post/42970"
"Bennie Thompson","house","Mississippi","2nd","","Bennie Thompson","""Mississippi Democrats field candidates in #MS01, #MS04; Thompson files for reelection in #MS02""","http://yallpolitics.com/index.php/yp/post/42970"
"Dennis Quinn","house","Mississippi","3rd","","Gregg Harper","""All four Mississippi House members will face challenger""","http://www.sunherald.com/news/politics-government/article53832835.html"
"Mark Gladney","house","Mississippi","4th","","Steven Palazzo","""Mississippi Democrats field candidates in #MS01, #MS04; Thompson files for reelection in #MS02""","http://yallpolitics.com/index.php/yp/post/42970"
"Lacy Clay","house","Missouri","1st","","Lacy Clay","""Congressman Lacy Clay filed for reelection today""","https://www.youtube.com/watch?v=gMVJqBQtR6U"
"Bill Otto","house","Missouri","2nd","","Ann Wagner","""Missouri Rep. Bill Otto plans to challenge U.S. Rep. Ann Wagner in 2016""","http://news.stlpublicradio.org/post/missouri-rep-bill-otto-plans-challenge-us-rep-ann-wagner-2016"
"Kevin Miller","house","Missouri","3rd","","Blaine Luetkemeyer","",""
"Gordon Christensen","house","Missouri","4th","","Vicky Hartzler","""Dr. Gordon Christensen Announces Congressional Campaign""","http://themissouritimes.com/24406/dr-gordon-christensen-announces-congressional-campaign"
"Emanuel Cleaver","house","Missouri","5th","","Emanuel Cleaver","""Cleaver for Congress""","https://www.facebook.com/CleaverForCongress"
"David Blackwell","house","Missouri","6th","","Sam Graves","""Travis Gonzalez for U.S. Representative Missouri 6th District 2016""","http://www.travis-gonzalez.com/Travis_Gonzalez_Campaign_Website_for_Public_Office/Home.html"
"Genevieve Williams","house","Missouri","7th","","Billy Long","",""
"Dave Cowell","house","Missouri","8th","","Jason Smith","",""
"Denise Juneau","house","Montana","at-large","","Ryan Zinke","""Denise Juneau launches campaign for Montana's U.S. House seat""","http://billingsgazette.com/news/local/government-and-politics/denise-juneau-launches-campaign-for-montana-s-u-s-house/article_559f8ac1-b5de-5959-bdb9-34f58dd3d5fe.htm"
"Daniel Wik","house","Nebraska","1st","","Jeff Fortenberry","""Norfolk physician to challenge Fortenberry for seat in Congress""","http://norfolkdailynews.com/news/norfolk-physician-to-challenge-fortenberry-for-seat-in-congress/article_db8ddaa8-da3d-11e5-9fa0-3b78661aa5dd.html"
"Brad Ashford","house","Nebraska","2nd","","Brad Ashford","""Brad Ashford's focusing on his work, he says, not cash for next election""","http://www.omaha.com/news/politics/ashford-s-focusing-on-his-work-he-says-not-cash/article_cabe835c-4dea-501c-8984-7496a7510745.html"
"Dina Titus","house","Nevada","1st","","Dina Titus","""Rep. Dina Titus On Running For Re-Election And Not The Senate""","http://knpr.org/knpr/2015-05/rep-dina-titus-running-re-election-and-not-senate"
"Chip Evans","house","Nevada","2nd","","Mark Amodei","""Liberal radio host Chip Evans runs for Nevada Congress seat""","http://www.rgj.com/story/news/politics/2016/01/05/liberal-radio-host-chip-evans-runs-nevada-congress-seat/78292600"
"Jacky Rosen","house","Nevada","3rd","","Joe Heck","""President of Henderson synagogue running for Congress""","http://lasvegassun.com/news/2016/jan/26/president-of-henderson-synagogue-running-for-congr"
"Ruben Kihuen","house","Nevada","4th","","Cresent Hardy","""Nevada Sen. Ruben Kihuen announces bid for Congress""","http://www.reviewjournal.com/politics/nevada-sen-ruben-kihuen-announces-bid-congress"
"Carol Shea-Porter","house","New Hampshire","1st","","Frank Guinta","""Shea-Porter announces she's running for US House again in 2016""","http://www.wmur.com/politics/sheaporter-announces-shes-running-again-in-2016/35370700"
"Ann Mclane Kuster","house","New Hampshire","2nd","","Ann McLane Kuster","""Kuster going for third term in US House, not a US Senate bid""","http://www.nh1.com/news/landrigan-steinhauser-kuster-going-for-third-term-in-us-house-not-a-us-senate-bid"
"Donald Norcross","house","New Jersey","1st","","Donald Norcross","",""
"David Cole","house","New Jersey","2nd","","Frank LoBiondo","",""
"Fred Lavergne","house","New Jersey","3rd","","Tom MacArthur","""Burlington County Democrats endorse Delanco resident to take on MacArthur""","http://www.burlingtoncountytimes.com/news/local/burlington-county-democrats-endorse-delanco-resident-to-take-on-macarthur/article_35870f7c-e1ad-11e5-9d5a-cbe43f5e48cb.html"
"Lorna Phillipson","house","New Jersey","4th","","Chris Smith","",""
"Josh Gottheimer","house","New Jersey","5th","","Scott Garrett","""Donors start backing Wyckoff man as potential Garrett challenger for Congress""","http://www.northjersey.com/news/donors-start-backing-wyckoff-man-as-potential-garrett-challenger-for-congress-1.1325275"
"Frank Pallone","house","New Jersey","6th","","Frank Pallone","",""
"Peter Jacob","house","New Jersey","7th","","Leonard Lance","",""
"Albio Sires","house","New Jersey","8th","","Albio Sires","",""
"Bill Pascrell","house","New Jersey","9th","","Bill Pascrell","",""
"Donald Payne Jr","house","New Jersey","10th","","Donald Payne, Jr.","",""
"Joseph Wenzel","house","New Jersey","11th","","Rodney Frelinghuysen","",""
"Bonnie Watson Coleman","house","New Jersey","12th","","Bonnie Watson Coleman","",""
"Michelle Luján Grisham","house","New Mexico","1st","","Michelle Luján Grisham","""NM secretary of state, US congressional candidates file""","http://www.lcsun-news.com/story/news/politics/2016/02/02/nm-secretary-state-us-congressional-candidates-file/79734148"
"Merrie Lee Soules","house","New Mexico","2nd","","Steve Pearce","""Merrie Lee Soules is running for Congress""","http://nmpoliticalreport.com/23356/merrie-lee-soules-is-running-for-congress"
"Ben Ray Luján","house","New Mexico","3rd","","Ben Ray Luján","",""
"Anna Throne-Holst","house","New York","1st","","Lee Zeldin","""Anna Throne-Holst plans to challenge Lee Zeldin for Congress; won't seek re-election as Southampton supervisor""","http://www.newsday.com/long-island/suffolk/southampton-supervisor-anna-throne-holst-to-challenge-congressman-lee-zeldin-1.10452234"
"Duwayne Gregory","house","New York","2nd","","Peter King","""DuWayne Gregory announces candidacy for NY""","https://www.fios1news.com/longisland/duwayne-gregory-congress"
"Tom Suozzi","house","New York","3rd","","Steve Israel","""Tom Suozzi, running for 3rd CD, hits the campaign trail""","http://www.newsday.com/long-island/politics/tom-suozzi-running-for-israel-s-seat-gets-endorsement-from-queens-borough-president-melinda-katz-1.11544086"
"Kathleen Rice","house","New York","4th","","Kathleen Rice","""Certified NY Congressonal Primary ballot""","http://www.elections.ny.gov/NYSBOE/download/law/Certification2016FedCongressionalPrimaryBallot.pdf"
"Gregory Meeks","house","New York","5th","","Gregory Meeks","""Filings for the 2016 Primary election (New York)""","http://www.elections.ny.gov:8080/reports/rwservlet?cmdkey=whofiled_primary"
"Grace Meng","house","New York","6th","","Grace Meng","""Filings for the 2016 Primary election (New York)""","http://www.elections.ny.gov:8080/reports/rwservlet?cmdkey=whofiled_primary"
"Nydia Velazquez","house","New York","7th","","Nydia Velazquez","""Filings for the 2016 Primary election (New York)""","http://www.elections.ny.gov:8080/reports/rwservlet?cmdkey=whofiled_primary"
"Hakeem Jeffries","house","New York","8th","","Hakeem Jeffries","""Filings for the 2016 Primary election (New York)""","http://www.elections.ny.gov:8080/reports/rwservlet?cmdkey=whofiled_primary"
"Yvette Clarke","house","New York","9th","","Yvette Clarke","""Filings for the 2016 Primary election (New York)""","http://www.elections.ny.gov:8080/reports/rwservlet?cmdkey=whofiled_primary"
"Jerry Nadler","house","New York","10th","","Jerry Nadler","""Filings for the 2016 Primary election (New York)""","http://www.elections.ny.gov:8080/reports/rwservlet?cmdkey=whofiled_primary"
"Richard Reichard","house","New York","11th","","Dan Donovan","""Democrat Richard Reichard to challenge Rep. Dan Donovan""","http://www.silive.com/news/index.ssf/2016/03/democrat_richard_reichard_to_c.html"
"Carolyn Maloney","house","New York","12th","","Carolyn Maloney","""Maloney Launches Reelection Campaign""","http://www.qgazette.com/news/2016-03-30/Front_Page/Maloney_Launches_Reelection_Campaign.html"
"Adriano Espaillat","house","New York","13th","","Charles Rangel","""Adriano Espaillat Says He's Running for Congress Again""","http://observer.com/2015/11/adriano-espaillat-says-hes-running-for-congress-again"
"Joe Crowley","house","New York","14th","","Joe Crowley","""Filings for the 2016 Primary election (New York)""","http://www.elections.ny.gov:8080/reports/rwservlet?cmdkey=whofiled_primary"
"José Serrano","house","New York","15th","","José Serrano","""Filings for the 2016 Primary election (New York)""","http://www.elections.ny.gov:8080/reports/rwservlet?cmdkey=whofiled_primary"
"Eliot Engel","house","New York","16th","","Eliot Engel","""Filings for the 2016 Primary election (New York)""","http://www.elections.ny.gov:8080/reports/rwservlet?cmdkey=whofiled_primary"
"Nita Lowey","house","New York","17th","","Nita Lowey","""Filings for the 2016 Primary election (New York)""","http://www.elections.ny.gov:8080/reports/rwservlet?cmdkey=whofiled_primary"
"Sean Patrick Maloney","house","New York","18th","","Sean Patrick Maloney","""Maloney leads all House Democrats in fund-raising""","http://www.capitalnewyork.com/article/albany/2015/04/8566206/maloney-leads-all-house-democrats-fund-raising"
"Zephyr Teachout","house","New York","19th","","Chris Gibson","""Teachout Launches Bid For NY-19""","http://www.nystateofpolitics.com/2016/01/teachout-launches-bid-for-ny-19"
"Paul Tonko","house","New York","20th","","Paul Tonko","""Filings for the 2016 Primary election (New York)""","http://www.elections.ny.gov:8080/reports/rwservlet?cmdkey=whofiled_primary"
"Mike Derrick","house","New York","21st","","Elise Stefanik","""Retired Army Col. Mike Derrick seeking Democratic nod to challenge Rep. Elise Stefanik""","http://auburnpub.com/blogs/eye_on_ny/retired-army-col-mike-derrick-seeking-democratic-nod-to-challenge/article_ed8e9f46-1ff1-11e5-8202-279fbd0038ee.html"
"Kim Myers","house","New York","22nd","","Richard Hanna","""Daughter of Dick's Sporting Goods founder to run for Congress""","http://www.syracuse.com/politics/index.ssf/2016/03/daughter_of_dicks_sporting_goods_founder_to_run_for_congress.html"
"John Plumb","house","New York","23rd","","Tom Reed","""Former White House military aide Plumb to challenge Rep. Tom Reed""","http://www.buffalonews.com/city-region/elections/former-white-house-military-aide-plumb-to-challenge-rep-tom-reed-20150708"
"Colleen Deacon","house","New York","24th","","John Katko","""Top Gillibrand aide to challenge Rep. John Katko in race for Congress""","http://www.syracuse.com/politics/index.ssf/2015/10/top_gillibrand_aide_to_challenge_rep_john_katko_in_race_for_congress.html"
"Louise Slaughter","house","New York","25th","","Louise Slaughter","""Louise Slaughter to seek re-election""","http://www.democratandchronicle.com/story/news/2015/03/31/louise-slaughter-mark-assini-congress-re-election/70697020"
"Brian Higgins","house","New York","26th","","Brian Higgins","""Filings for the 2016 Primary election (New York)""","http://www.elections.ny.gov:8080/reports/rwservlet?cmdkey=whofiled_primary"
"Diana Kastenbaum","house","New York","27th","","Chris Collins","""Batavia Business Owner Kastenbaum Running for U.S. Congress""","http://geneseesun.com/batavia-business-owner-kastenbaum-running-for-u-s-congress"
"G. K. Butterfield","house","North Carolina","1st","","G. K. Butterfield","",""
"John Mcneil","house","North Carolina","2nd","","Renee Ellmers","",""
"Ernest Reeves","house","North Carolina","3rd","","Walter Jones","",""
"David Price","house","North Carolina","4th","","David Price","",""
"Josh Brannon","house","North Carolina","5th","","Virginia Foxx","",""
"Pete Glidewell","house","North Carolina","6th","","Mark Walker","",""
"J. Wesley Casteen","house","North Carolina","7th","","David Rouzer","",""
"Thomas Mills","house","North Carolina","8th","","Richard Hudson","",""
"Christian Cano","house","North Carolina","9th","","Robert Pittenger","""Filing period opens for congressional, N.C. Supreme Court""","http://www.fayobserver.com/news/local/filing-period-opens-for-congressional-n-c-supreme-court/article_11eb4093-3f86-5b71-ac7e-7d2c45dc1dcd.html"
"Andy Millard","house","North Carolina","10th","","Patrick McHenry","",""
"Rick Bryson","house","North Carolina","11th","","Mark Meadows","""Election results made official on Canvass Day""","http://www.thesmokymountaintimes.com/view/full_story_free/27134965/article-Election-results-made-official-on-Canvass-Day?instance=lead_story"
"Alma Adams","house","North Carolina","12th","","Alma Adams","",""
"Bruce Davis","house","North Carolina","13th","","George Holding","",""
"Chase Iron Eyes","house","North Dakota","at-large","","Kevin Cramer","""Fort Yates attorney seeking Dem-NPL nod for Congress""","http://www.inforum.com/news/3999584-fort-yates-attorney-seeking-dem-npl-nod-congress"
"Michele Young","house","Ohio","1st","","Steve Chabot","""20 candidates file to run for Boehner's seat""","http://www.mydaytondailynews.com/news/news/local-govt-politics/20-candidates-file-to-run-for-boehners-seat/npmCc"
"William R. Smith","house","Ohio","2nd","","Brad Wenstrup","""This zombie campaign for Congress is giving Democrats fits""","http://www.cincinnati.com/story/news/politics/elections/2016/06/19/zombie-campaign-congress-giving-democrats-fits/82892598"
"Joyce Beatty","house","Ohio","3rd","","Joyce Beatty","""2016 Primary Certified Candidates List""","https://vote.franklincountyohio.gov/assets/downloads/election-information/2016//%281%29%20Primary%20Election%20-%20March%2015,%202016/%284%29%20Candidates%20and%20Issues/%281%29%202016%20Primary%20Certified%20Candidates%20List.pdf"
"Janet Garrett","house","Ohio","4th","","Jim Jordan","""Challenger seeks second run at Jordan""","http://chronicle.northcoastnow.com/2015/10/26/challenger-seeks-second-run-at-jordan"
"James L. Neu Jr","house","Ohio","5th","","Bob Latta","""Voters to have lots of choices in November""","https://www.toledoblade.com/Politics/2015/12/17/Voters-to-have-lots-of-choices-in-November.html"
"Michael Lorentz","house","Ohio","6th","","Bill Johnson","""Election: Our next sheriff? Tuscarawas County chief deputy among officeholders unopposed in primary""","http://www.timesreporter.com/article/20151216/NEWS/151219489/1994/NEWS"
"Roy Rich","house","Ohio","7th","","Bob Gibbs","""Rematches abound in Northeast Ohio congressional primary filings""","http://www.cleveland.com/open/index.ssf/2015/12/rematches_abound_in_congressional_primary_filings_in_northeast_ohio.html"
"Marcy Kaptur","house","Ohio","9th","","Marcy Kaptur","""Rematches abound in Northeast Ohio congressional primary filings""","http://www.cleveland.com/open/index.ssf/2015/12/rematches_abound_in_congressional_primary_filings_in_northeast_ohio.html"
"Robert Klepinger","house","Ohio","10th","","Mike Turner","""20 candidates file to run for Boehner's seat""","http://www.mydaytondailynews.com/news/news/local-govt-politics/20-candidates-file-to-run-for-boehners-seat/npmCc"
"Marcia Fudge","house","Ohio","11th","","Marcia Fudge","""Rematches abound in Northeast Ohio congressional primary filings""","http://www.cleveland.com/open/index.ssf/2015/12/rematches_abound_in_congressional_primary_filings_in_northeast_ohio.html"
"Ed Albertson","house","Ohio","12th","","Pat Tiberi","""2016 Primary Certified Candidates List""","https://vote.franklincountyohio.gov/assets/downloads/election-information/2016//%281%29%20Primary%20Election%20-%20March%2015,%202016/%284%29%20Candidates%20and%20Issues/%281%29%202016%20Primary%20Certified%20Candidates%20List.pdf"
"Tim Ryan","house","Ohio","13th","","Tim Ryan","""Rematches abound in Northeast Ohio congressional primary filings""","http://www.cleveland.com/open/index.ssf/2015/12/rematches_abound_in_congressional_primary_filings_in_northeast_ohio.html"
"Michael Wager","house","Ohio","14th","","David Joyce","""Rematches abound in Northeast Ohio congressional primary filings""","http://www.cleveland.com/open/index.ssf/2015/12/rematches_abound_in_congressional_primary_filings_in_northeast_ohio.html"
"Scott Wharton","house","Ohio","15th","","Steve Stivers","""Candidates line up for commissioner, sheriff spots""","http://www.chillicothegazette.com/story/news/local/2015/12/16/ross-county-2016-election-commissioner-sheriff/77422886"
"Keith Mundy","house","Ohio","16th","","Jim Renacci","""Rematches abound in Northeast Ohio congressional primary filings""","http://www.cleveland.com/open/index.ssf/2015/12/rematches_abound_in_congressional_primary_filings_in_northeast_ohio.html"
"Joshua Harris-Till","house","Oklahoma","2nd","","Markwayne Mullin","""Harris-Till seeking seat in Congress""","http://www.tahlequahdailypress.com/news/harris-till-seeking-seat-in-congress/article_7c0bc126-c511-11e5-9bb6-372d1d30d428.html"
"Frankie Robbins","house","Oklahoma","3rd","","Frank Lucas","""DailyKos Election Live Blog 6-28""","http://www.dailykos.com/story/2016/06/28/1543346/-Daily-Kos-Elections-June-28-primary-liveblog-1"
"Christina Owen","house","Oklahoma","4th","","Tom Cole","""DailyKos Election Live Blog 6-28""","http://www.dailykos.com/story/2016/06/28/1543346/-Daily-Kos-Elections-June-28-primary-liveblog-1"
"Tom Guild","house","Oklahoma","5th","","Steve Russell","""Democrat Guild says he'll run against U.S. Rep. Russell for 5th District seat""","http://www.reddirtreport.com/red-dirt-politics/democrat-guild-says-hell-run-against-us-rep-russell-5th-district-seat"
"Suzanne Bonamici","house","Oregon","1st","","Suzanne Bonamici","""Oregon - 2016 Presidential Primary Filing Deadlines""","https://secure.sos.state.or.us/orestar/cfFilings.do?sort=asc&cfSearchButtonName=sort&by=OFFICE"
"Jim Crary","house","Oregon","2nd","","Greg Walden","""Ashland-area resident running for Congress""","http://www.mailtribune.com/news/20160228/ashland-area-resident-running-for-congress"
"Earl Blumenauer","house","Oregon","3rd","","Earl Blumenauer","""Oregon - 2016 Presidential Primary Filing Deadlines""","https://secure.sos.state.or.us/orestar/cfFilings.do?sort=asc&cfSearchButtonName=sort&by=OFFICE"
"Peter Defazio","house","Oregon","4th","","Peter DeFazio","""Robinson, McKinney file for U.S. House District 4 Congress position""","http://www.nrtoday.com/news/20897738-113/robinson-mckinney-file-for-us-house-district-4"
"Kurt Schrader","house","Oregon","5th","","Kurt Schrader","""Oregon - 2016 Presidential Primary Filing Deadlines""","https://secure.sos.state.or.us/orestar/cfFilings.do?sort=asc&cfSearchButtonName=sort&by=OFFICE"
"Bob Brady","house","Pennsylvania","1st","","Bob Brady","""Unofficial Candidate Listing – Pre Ballot Lottery""","https://www.pavoterservices.state.pa.us/ElectionInfo/FooterLinkReport.aspx?ID=599"
"Dwight Evans","house","Pennsylvania","2nd","","Chaka Fattah","""Fattah concedes, Evans will be Democratic nominee in the 2nd""","http://www.philly.com/philly/news/politics/20160427_Fattah_concedes__Evans_will_be_Democratic_nominee_in_the_2nd_Congressional_District.html"
"Kerith Strano Taylor","house","Pennsylvania","5th","","Glenn Thompson","""Taylor to run again for Thompson's congressional seat""","http://www.goerie.com/taylor-to-run-again-for-thompsons-congressional-seat"
"Mike Parrish","house","Pennsylvania","6th","","Ryan Costello","""Parrish launches campaign for Congress in PA-6""","http://www.philly.com/philly/blogs/big_tent/Parrish-launches-campaign-for-Congress-in-PA-6.html"
"Mary Ellen Balchunis","house","Pennsylvania","7th","","Pat Meehan","""PA-7: Balchunis Crushes Golderer""","http://www.politicspa.com/pa-7-balchunis-crushes-golderer/74934"
"Steve Santarsiero","house","Pennsylvania","8th","","Mike Fitzpatrick","""PA-8: Santarsiero Wins Democratic Nomination""","http://www.politicspa.com/pa-8-santarsiero-wins-democratic-nomination/74850"
"Mike Molesevich","house","Pennsylvania","10th","","Tom Marino","",""
"Michael Marsicano","house","Pennsylvania","11th","","Lou Barletta","""Former Hazleton Mayor Marsicano declares run for Congress""","http://timesleader.com/news/373140/former-hazleton-mayor-marsicano-declares-run-for-congress"
"Erin Mcclelland","house","Pennsylvania","12th","","Keith Rothfus","""Harrison Democrat vows to run again""","http://triblive.com/neighborhoods/yourallekiskivalley/yourallekiskivalleymore/7083309-74/district-rothfus-mcclelland#axzz3YX0ReGsc"
"Brendan Boyle","house","Pennsylvania","13th","","Brendan Boyle","""Unofficial Candidate Listing – Pre Ballot Lottery""","https://www.pavoterservices.state.pa.us/ElectionInfo/FooterLinkReport.aspx?ID=599"
"Mike Doyle","house","Pennsylvania","14th","","Mike Doyle","""Unofficial Candidate Listing – Pre Ballot Lottery""","https://www.pavoterservices.state.pa.us/ElectionInfo/FooterLinkReport.aspx?ID=599"
"Rick Daugherty","house","Pennsylvania","15th","","Charlie Dent","""Unofficial Candidate Listing – Pre Ballot Lottery""","https://www.pavoterservices.state.pa.us/ElectionInfo/FooterLinkReport.aspx?ID=599"
"Christina Hartman","house","Pennsylvania","16th","","Joe Pitts","""PA-16: Democrat Christina Hartman to Seek House Seat""","http://www.politicspa.com/pa-16-democrat-christina-hartman-to-seek-house-seat/68193"
"Matt Cartwright","house","Pennsylvania","17th","","Matt Cartwright","""Deadline arrives to file for primary election""","http://citizensvoice.com/news/deadline-arrives-to-file-for-primary-election-1.2007555"
"David Cicilline","house","Rhode Island","1st","","David Cicilline","""Study: RI 'very likely' to lose US House seat""","http://wpri.com/2015/11/05/study-ri-very-likely-to-lose-us-house-seat-after-next-census"
"Christopher F. Young","house","Rhode Island","1st","","David Cicilline","""Rhode Island Secretary of State: Filed Candidates - 2016""","http://sos.ri.gov/candidates/search/"
"James Langevin","house","Rhode Island","2nd","","James Langevin","""Study: RI 'very likely' to lose US House seat""","http://wpri.com/2015/11/05/study-ri-very-likely-to-lose-us-house-seat-after-next-census"
"Steven Archer","house","Rhode Island","2nd","","James Langevin","""Rhode Island Secretary of State: Filed Candidates - 2016""","http://sos.ri.gov/candidates/search/"
"John D. Hamilton","house","Rhode Island","2nd","","James Langevin","""Rhode Island Secretary of State: Filed Candidates - 2016""","http://sos.ri.gov/candidates/search/"
"Dimitri Cherny","house","South Carolina","1st","","Mark Sanford","""Dimitri Cherny to challenge US Congressman Mark Sanford""","http://counton2.com/2016/01/13/dimitri-cherny-to-challenge-us-congressman-mark-sanford"
"Arik Bjorn","house","South Carolina","2nd","","Joe Wilson","""Fake Democrat? Black faces Bjorn, party in 2nd District primary""","http://www.thestate.com/news/politics-government/politics-columns-blogs/the-buzz/article82720012.html"
"Hosea Cleveland","house","South Carolina","3rd","","Jeff Duncan","""Candidate Listing for the 11/8/2016 Statewide General Election""","https://info.scvotes.sc.gov/Eng/Candidate/CandidateSearch.aspx?ElectionId=20026&QSHelperHash=8665765C53B5B7B5B0C52FEEDD145CD792A4A273"
"Chris Fedalei","house","South Carolina","4th","","Trey Gowdy","""Spartanburg native Chris Fedalei to challenge Gowdy""","http://www.goupstate.com/article/20160304/ARTICLES/160309856"
"Fran Person","house","South Carolina","5th","","Mick Mulvaney","""Former Joe Biden aide running for Congress in SC""","http://www.thestate.com/news/politics-government/politics-columns-blogs/the-buzz/article63101062.html"
"Jim Clyburn","house","South Carolina","6th","","Jim Clyburn","""Candidate Listing for the 11/8/2016 Statewide General Election""","https://info.scvotes.sc.gov/Eng/Candidate/CandidateSearch.aspx?ElectionId=20026&QSHelperHash=8665765C53B5B7B5B0C52FEEDD145CD792A4A273"
"Mal Hyman","house","South Carolina","7th","","Tom Rice","""Coker professor Mal Hyman announces bid for S.C. 7th District seat""","http://www.scnow.com/messenger/news/article_d5e21224-d0fe-11e5-b3f8-83432414fc67.html"
"Paula Hawks","house","South Dakota","at-large","","Kristi Noem","""Dem Paula Hawks starts House run against Kristi Noem""","http://www.capjournal.com/news/dem-paula-hawks-starts-house-run-against-kristi-noem/article_1c23a24c-39f2-11e5-a04a-f709b047304f.html"
"Alam Bohms","house","Tennessee","1st","","Phil Roe","""Filed Petitions - Tennessee""","http://tnsos.net/FiledPetitions.pdf"
"Stuart Starr","house","Tennessee","2nd","","Jimmy Duncan","""Filed Petitions - Tennessee""","http://tnsos.net/FiledPetitions.pdf"
"Melody Shekari","house","Tennessee","3rd","","Chuck Fleischmann","""Filed Petitions - Tennessee""","http://tnsos.net/FiledPetitions.pdf"
"Steven Reynolds","house","Tennessee","4th","","Scott DesJarlais","""Filed Petitions - Tennessee""","http://tnsos.net/FiledPetitions.pdf"
"Jim Cooper","house","Tennessee","5th","","Jim Cooper","""Filed Petitions - Tennessee""","http://tnsos.net/FiledPetitions.pdf"
"David Kent","house","Tennessee","6th","","Diane Black","""Filed Petitions - Tennessee""","http://tnsos.net/FiledPetitions.pdf"
"Tharon Chandler","house","Tennessee","7th","","Marsha Blackburn","""Filed Petitions - Tennessee""","http://tnsos.net/FiledPetitions.pdf"
"Rickey Hobson","house","Tennessee","8th","","Stephen Fincher","""Filed Petitions - Tennessee""","http://tnsos.net/FiledPetitions.pdf"
"Steve Cohen","house","Tennessee","9th","","Steve Cohen","""Filed Petitions - Tennessee""","http://tnsos.net/FiledPetitions.pdf"
"Shirley Mckellar","house","Texas","1st","","Louie Gohmert","""McKellar eying Gohmert's seat for the third time""","http://www.cbs19.tv/story/29956771/mckellar-eying-gohmerts-seat-for-the-third-time"
"Pat Bryan","house","Texas","2nd","","Ted Poe","""2016 March Primary Election Candidate Filings by County""","https://webservices.sos.state.tx.us/candidate-filing/cf-report.aspx"
"Adam Bell","house","Texas","3rd","","Sam Johnson","""Plano IT executive announces campaign for Congress""","http://starlocalmedia.com/planocourier/news/plano-it-executive-announces-campaign-for-congress/article_3ed55f14-9e75-11e5-99ad-377ba3da9bec.html"
"Ruby Fay Woolridge","house","Texas","6th","","Joe Barton","""Clock ticking for Texas' 2016 candidate filings""","http://www.star-telegram.com/news/politics-government/article49499495.html"
"James Cargas","house","Texas","7th","","John Culberson","""2016 March Primary Election Candidate Filings by County""","https://webservices.sos.state.tx.us/candidate-filing/cf-report.aspx"
"Al Green","house","Texas","9th","","Al Green","""2016 March Primary Election Candidate Filings by County""","https://webservices.sos.state.tx.us/candidate-filing/cf-report.aspx"
"Tawana Cadien","house","Texas","10th","","Michael McCaul","""2016 March Primary Election Candidate Filings by County""","https://webservices.sos.state.tx.us/candidate-filing/cf-report.aspx"
"Bill Bradshaw","house","Texas","12th","","Kay Granger","""2016 March Primary Election Candidate Filings by County""","https://webservices.sos.state.tx.us/candidate-filing/cf-report.aspx"
"Michael Cole","house","Texas","14th","","Randy Weber","""2016 March Primary Election Candidate Filings by County""","https://webservices.sos.state.tx.us/candidate-filing/cf-report.aspx"
"Vicente Gonzalez","house","Texas","15th","","Ruben Hinojosa","""2 announce intent to run for Congress""","http://www.themonitor.com/news/local/announce-intent-to-run-for-congress/article_b81c45a6-900e-11e5-b292-e3c400b0564b.html"
"Beto O'Rourke","house","Texas","16th","","Beto O'Rourke","""Congressman O'Rourke to seek re-election""","http://www.elpasotimes.com/story/news/2015/10/13/congressman-orourke-seek-reelection/73891780"
"William Matta","house","Texas","17th","","Bill Flores","""MCC department head to run for Flores' House seat""","http://www.wacotrib.com/news/elections/mcc-department-head-to-run-for-flores-house-seat/article_8832b18f-960b-5312-8053-ad59f77f4288.html"
"Sheila Jackson Lee","house","Texas","18th","","Sheila Jackson Lee","""2016 March Primary Election Candidate Filings by County""","https://webservices.sos.state.tx.us/candidate-filing/cf-report.aspx"
"Joaquin Castro","house","Texas","20th","","Joaquin Castro","""2016 March Primary Election Candidate Filings by County""","https://webservices.sos.state.tx.us/candidate-filing/cf-report.aspx"
"Tom Wakely","house","Texas","21st","","Lamar Smith","""2016 March Primary Election Candidate Filings by County""","https://webservices.sos.state.tx.us/candidate-filing/cf-report.aspx"
"Mark Gibson","house","Texas","22nd","","Pete Olson","""2016 March Primary Election Candidate Filings by County""","https://webservices.sos.state.tx.us/candidate-filing/cf-report.aspx"
"Pete Gallego","house","Texas","23rd","","Will Hurd","""Gallego to Seek Rematch With U.S. Rep. Hurd""","https://www.texastribune.org/2015/04/02/pette-gallego-will-run-against-will-hurd-again"
"Jan Mcdowell","house","Texas","24th","","Kenny Marchant","""Clock ticking for Texas' 2016 candidate filings""","http://www.star-telegram.com/news/politics-government/article49499495.html"
"Kathi Thomas","house","Texas","25th","","Roger Williams","""2016 March Primary Election Candidate Filings by County""","https://webservices.sos.state.tx.us/candidate-filing/cf-report.aspx"
"Eric Mauck","house","Texas","26th","","Michael Burgess","""Clock ticking for Texas' 2016 candidate filings""","http://www.star-telegram.com/news/politics-government/article49499495.html"
"Roy Barrera","house","Texas","27th","","Blake Farenthold","""2016 March Primary Election Candidate Filings by County""","https://webservices.sos.state.tx.us/candidate-filing/cf-report.aspx"
"Henry Cuellar","house","Texas","28th","","Henry Cuellar","""2016 March Primary Election Candidate Filings by County""","https://webservices.sos.state.tx.us/candidate-filing/cf-report.aspx"
"Gene Green","house","Texas","29th","","Gene Green","""2016 March Primary Election Candidate Filings by County""","https://webservices.sos.state.tx.us/candidate-filing/cf-report.aspx"
"Eddie Bernice Johnson","house","Texas","30th","","Eddie Bernice Johnson","""Eddie Bernice Johnson will seek another term in Congress""","http://www.dallasnews.com/news/politics/headlines/20150915-eddie-bernice-johnson-will-seek-another-term-in-congress.ece"
"Mike Clark","house","Texas","31st","","John Carter","""2016 March Primary Election Candidate Filings by County""","https://webservices.sos.state.tx.us/candidate-filing/cf-report.aspx"
"Marc Veasey","house","Texas","33rd","","Marc Veasey","""Clock ticking for Texas' 2016 candidate filings""","http://www.star-telegram.com/news/politics-government/article49499495.html"
"Filemon Vela","house","Texas","34th","","Filemon Vela","""Vela to Host Major South Texas Fundraiser""","http://www.texastribune.org/2015/10/16/vela-host-major-south-texas-fundraiser"
"Lloyd Doggett","house","Texas","35th","","Lloyd Doggett","""2016 March Primary Election Candidate Filings by County""","https://webservices.sos.state.tx.us/candidate-filing/cf-report.aspx"
"Peter Clemens","house","Utah","1st","","Rob Bishop","""2016 Candidate Tracker - Congressional and Statewide Offices""","http://utahpolicy.com/index.php/2016-candidate-tracker"
"Charlene Albarran","house","Utah","2nd","","Chris Stewart","""Park City Democrat Charlene Albarran to run for Congress against Rep. Chris Stewart""","http://www.sltrib.com/home/3487088-155/park-city-democrat-charlene-albarran-to"
"Stephen Tryon","house","Utah","3rd","","Jason Chaffetz","""2016 Candidate Tracker - Congressional and Statewide Offices""","http://utahpolicy.com/index.php/2016-candidate-tracker"
"Doug Owens","house","Utah","4th","","Mia Love","""Doug Owens announces his campaign, wants a second shot at Mia Love""","http://www.sltrib.com/home/2752741-155/doug-owens-announces-his-campaign-wants"
"Peter Welch","house","Vermont","at-large","","Peter Welch","""Vermont Rep. Welch Won't Run for Governor""","http://atr.rollcall.com/vermont-congressman-welch-not-running-for-governor"
"Matt Rowe","house","Virginia","1st","","Rob Wittman","""Matt Rowe Named Democratic Nominee for Congress in Virginia's First District""","http://fredericksburg.today/matt-rowe-named-democratic-nominee-for-congress-in-virginias-first-district"
"Shaun D. Brown","house","Virginia","2nd","","Scott Rigell","""Candidate List - Virginia Department of Elections""","http://elections.virginia.gov/casting-a-ballot/candidate-list/index.html"
"Bobby Scott","house","Virginia","3rd","","Bobby Scott","""Congressional races shaping up""","http://richmondfreepress.com/news/2016/mar/15/congressional-races-shaping"
"Donald Mceachin","house","Virginia","4th","","Randy Forbes","""McEachin formally announces bid for Congress in 4th District""","http://www.richmond.com/news/virginia/government-politics/article_cfc2db0f-3011-550e-bd69-ad4d20ceb1b4.html"
"Jane Dittmar","house","Virginia","5th","","Robert Hurt","""Democrats officially pick Dittmar in 5th District""","http://www.newsadvance.com/news/local/democrats-officially-pick-dittmar-in-th-district/article_6891fc62-148c-11e6-8686-fbf348249b90.html"
"Kai Degner","house","Virginia","6th","","Bob Goodlatte","""Harrisonburg Councilman Kai Degner to run for Congress""","http://wtop.com/virginia/2016/06/harrisonburg-councilman-kai-degner-to-run-for-congress"
"Eileen Bedell","house","Virginia","7th","","Dave Brat","""Democrat Bedell files to run for Congress in 7th District""","http://www.richmond.com/news/virginia/government-politics/article_79fbdaea-5410-557e-8b9f-b8628365fb24.html"
"Don Beyer","house","Virginia","8th","","Don Beyer","""In Purple Virginia, Bill Clinton Revs Up Democrats""","http://atr.rollcall.com/purple-virginia-bill-clinton-revs-democrats"
"Derek Kitts","house","Virginia","9th","","Morgan Griffith","""Derek Kitts chosen as Democratic opponent against Griffith in 9th District""","http://www.roanoke.com/news/politics/derek-kitts-chosen-as-democratic-opponent-against-griffith-in-th/article_46956dfa-3ac1-55ed-bc55-0c680eeb0ac4.html"
"Luann Bennett","house","Virginia","10th","","Barbara Comstock","""LuAnn Bennett declares congressional bid against Barbara Comstock""","https://www.washingtonpost.com/local/virginia-politics/luann-bennet-declares-congressional-bid-against-barbara-comstock/2015/12/09/77b1e4cc-9ec7-11e5-bce4-708fe33e3288_story.html"
"Gerry Connolly","house","Virginia","11th","","Gerry Connolly","""Rep. Connolly launches bid for re-election""","http://www.insidenova.com/news/election/rep-connolly-launches-bid-for-re-election/article_28602540-ef6d-11e5-ad48-735e9b461926.html"
"Suzan Delbene","house","Washington","1st","","Suzan DelBene","""Donations roll in for DelBene's re-election campaign""","http://www.heraldnet.com/article/20151026/NEWS01/151029272"
"Rick Larsen","house","Washington","2nd","","Rick Larsen","""2016 Candidates Who Have Filed""","http://weiapplets.sos.wa.gov/elections/Candidates/WhoFiled?countyCode=XX"
"Jim Moeller","house","Washington","3rd","","Jaime Herrera Beutler","""Wash. State Rep. Jim Moeller Sets His Sights On DC""","http://www.opb.org/news/series/election-2016/wash-state-rep-jim-moeller-sets-his-sights-on-dc"
"Joe Pakootas","house","Washington","5th","","Cathy McMorris Rodgers","""Pakootas hired to lead some Nez Perce Tribe businesses""","http://www.klewtv.com/news/local/Pakootas-hired-to-lead-some-Nez-Perce-Tribe-businesses-306337311.html"
"Derek Kilmer","house","Washington","6th","","Derek Kilmer","""2016 Candidates Who Have Filed""","http://weiapplets.sos.wa.gov/elections/Candidates/WhoFiled?countyCode=XX"
"Pramila Jayapal","house","Washington","7th","","Jim McDermott","""Pramila Jayapal enters U.S. House race with blast at 'the 1 percent'""","http://www.seattlepi.com/local/politics/article/Pramila-Jayapal-enters-U-S-House-race-with-blast-6775454.php"
"Brady Walkinshaw","house","Washington","7th","","Jim McDermott","""State Rep. Brady Walkinshaw Will Challenge US Rep. Jim McDermott in 2016""","http://www.thestranger.com/blogs/slog/2015/12/03/23226181/state-rep-brady-walkinshaw-will-challenge-us-rep-jim-mcdermott-in-2016"
"Tony Ventrella","house","Washington","8th","","Dave Reichert","""Former sportscaster Tony Ventrella to challenge Reichert in 8th District""","http://www.seattletimes.com/seattle-news/politics/former-sportscaster-tony-ventrella-to-challenge-reichert-in-8th-district"
"Adam Smith","house","Washington","9th","","Adam Smith","""2016 Candidates Who Have Filed""","http://weiapplets.sos.wa.gov/elections/Candidates/WhoFiled?countyCode=XX"
"Denny Heck","house","Washington","10th","","Denny Heck","""2016 Candidates Who Have Filed""","http://weiapplets.sos.wa.gov/elections/Candidates/WhoFiled?countyCode=XX"
"Mike Manypenny","house","West Virginia","1st","","David McKinley","""Ex-W.Va. Delegate Manypenny files early papers for Congress""","http://www.ctpost.com/news/article/Ex-W-Va-Delegate-Manypenny-files-early-papers-6229009.php"
"Mark Hunt","house","West Virginia","2nd","","Alex Mooney","""Former W.Va. delegate to run for congressional seat""","http://www.heraldmailmedia.com/news/tri_state/west_virginia/former-w-va-delegate-to-run-for-congressional-seat/article_a4d8e250-b8d2-11e5-a18f-df75bcf9c08c.html"
"Matt Detch","house","West Virginia","3rd","","Evan Jenkins","""Matt Detch files for U.S. House of Representatives""","http://mountainmessenger.com/matt-detch-files-u-s-house-representatives"
"Ryan Solen","house","Wisconsin","1st","","Paul Ryan","""Second Democrat enters race for 1st District congressional seat""","http://www.gazettextra.com/20160217/second_democrat_enters_race_for_1st_district_congressional_seat"
"Mark Pocan","house","Wisconsin","2nd","","Mark Pocan","""Candidates file for Congress, state Legislature""","http://host.madison.com/wsj/news/local/govt-and-politics/candidates-file-for-congress-state-legislature/article_ed39ba17-7ab7-5d33-b1eb-52a6641c31b6.html"
"Ron Kind","house","Wisconsin","3rd","","Ron Kind","""Wisconsin - 2016 Primary Candidate List""","http://www.gab.wi.gov/sites/default/files/page/candidates_tracking_by_office_6_1_2016_7pm_pdf_33733.pdf"
"Myron Buchholz","house","Wisconsin","3rd","","Ron Kind","""Kind Gets Dem Challenger In 3rd District Congressional Primary""","http://www.wpr.org/kind-gets-dem-challenger-3rd-district-congressional-primary"
"Gwen Moore","house","Wisconsin","4th","","Gwen Moore","""Candidates file for Congress, state Legislature""","http://host.madison.com/wsj/news/local/govt-and-politics/candidates-file-for-congress-state-legislature/article_ed39ba17-7ab7-5d33-b1eb-52a6641c31b6.html"
"Khary Penebaker","house","Wisconsin","5th","","Jim Sensenbrenner","""Rep. Jim Sensenbrenner draws challenger in Wisconsin's 5th congressional district""","http://fox6now.com/2016/03/06/rep-jim-sensenbrenner-draws-challenger-in-wisconsins-5th-congressional-district"
"Sarah Lloyd","house","Wisconsin","6th","","Glenn Grothman","""Grothman challengers emerge in race for congress""","http://www.thenorthwestern.com/story/news/politics/2016/05/04/grothman-challengers-emerge-race-congress/83887716"
"Mary Hoeft","house","Wisconsin","7th","","Sean Duffy","""Rice Lake woman announces Congressional candidacy""","http://www.superiortelegram.com/news/government/4031182-rice-lake-woman-announces-congressional-candidacy"
"Tom Nelson","house","Wisconsin","8th","","Reid Ribble","""Tom Nelson announces run for Congress""","http://www.postcrescent.com/story/news/politics/2016/04/07/nelson-announce-run-congress-seat/82738196"
"Ryan Greene","house","Wyoming","at-large","","Cynthia Lummis","""Wyoming Dems have one of their own running for US House""","http://trib.com/news/state-and-regional/govt-and-politics/wyoming-dems-have-one-of-their-own-running-for-us/article_0f3f68ca-6ea9-5405-b05b-6d90edb6ee10.html"
"John Carney","governor","Delaware","","","","""Delaware Rep. John Carney Running for Governor""","http://atr.rollcall.com/delawares-john-carney-running-governor/"
"John Gregg","governor","Indiana","","","","""Pence faces bid by Gregg, potential run by Ritz""","http://www.indystar.com/story/news/politics/2015/04/30/gregg-set-to-announce-governor-bid-pence-rematch-likely/26626999/"
"Chris Koster","governor","Missouri","","","","""Despite Greitens' surge, Koster remains the top money-raiser in battle for Missouri governor""","http://kcur.org/post/despite-greitens-surge-koster-remains-top-money-raiser-battle-missouri-governor"
"Steve Bullock","governor","Montana","","","","""Bullock's fundraising picks up for 2016 re-election""","http://www.bozemandailychronicle.com/news/politics/bullock-s-fundraising-picks-up-for-re-election/article_75760f46-96c9-11e4-93b5-7f31d2d6fbf8.html"
"Colin Van Ostern","governor","New Hampshire","","","","""Democrat Colin Van Ostern to run for governor""","http://www.wmur.com/politics/democrat-colin-van-ostern-to-run-for-governor/35716994"
"Roy Cooper","governor","North Carolina","","","","""Cooper: N.C. 'better than this'""","http://www.yourdailyjournal.com/news/home_top-localnews1/153542207/Cooper:-N.C.-better-than-this"
"Marvin Nelson","governor","North Dakota","","","","""North Dakota Rep. Marvin Nelson to join race for governor""","http://www.inforum.com/news/3986527-north-dakota-rep-marvin-nelson-join-race-governor?can_id=8c4c59aaca9cda0e0715706b23178adf&source=email-morning-digest-its-duckworth-vs-kirk-in-illinois&email_referrer=morning-digest-its-duckworth-vs-kirk-in-illinois&email_subject=morning-digest-its-duckworth-vs-kirk-in-illinois&link_id=20"
"Kate Brown","governor","Oregon","","","","""Governor Brown to Run in 2016""","http://www.eastoregonian.com/eo/local-news/20150918/governor-brown-to-run-for-re-election"
"Mike Weinholtz","governor","Utah","","","","""Weinholtz wins Dem nomination in Utah governor's race, says wife under investigation for pot possession""","http://www.sltrib.com/home/3811556-155/democratic-candidate-for-governor-mike-weinholtz"
"Sue Minter","governor","Vermont","","","","""Sue Minter to Run for Vermont Governor""","http://www.sevendaysvt.com/OffMessage/archives/2015/09/10/sue-minter-to-run-for-vermont-governor"
"Jay Inslee","governor","Washington","","","","""Gov. Inslee stages pricey reelection fundraiser in the wake of a bad news poll""","http://blog.seattlepi.com/seattlepolitics/2015/08/12/gov-inslee-stages-pricey-reelection-fundraiser-in-the-wake-of-a-bad-news-poll/"
"Jim Justice","governor","West Virginia","","","","""Jim Justice, West Virginia Billionaire, Launches Campaign for Governor""","http://www.wsj.com/articles/jim-justice-west-virginia-billionaire-launches-campaign-for-governor-1431380406?alg=y"
